Time,REMONI_VENTILATION:DesPer 1:Des Heat Mass Flow [kg/s],REMONI_VENTILATION:DesPer 1:Des Heat Cap [W],REMONI_VENTILATION:DesPer 1:Des Cool Mass Flow [kg/s],REMONI_VENTILATION:DesPer 1:Des Sens Cool Cap [W],REMONI_VENTILATION:DesPer 1:Des Tot Cool Cap [W],REMONI_VENTILATION:DesPer 2:Des Heat Mass Flow [kg/s],REMONI_VENTILATION:DesPer 2:Des Heat Cap [W],REMONI_VENTILATION:DesPer 2:Des Cool Mass Flow [kg/s],REMONI_VENTILATION:DesPer 2:Des Sens Cool Cap [W],REMONI_VENTILATION:DesPer 2:Des Tot Cool Cap [W],REMONI_VENTILATION:DesPer 3:Des Heat Mass Flow [kg/s],REMONI_VENTILATION:DesPer 3:Des Heat Cap [W],REMONI_VENTILATION:DesPer 3:Des Cool Mass Flow [kg/s],REMONI_VENTILATION:DesPer 3:Des Sens Cool Cap [W],REMONI_VENTILATION:DesPer 3:Des Tot Cool Cap [W],REMONI_VENTILATION:DesPer 4:Des Heat Mass Flow [kg/s],REMONI_VENTILATION:DesPer 4:Des Heat Cap [W],REMONI_VENTILATION:DesPer 4:Des Cool Mass Flow [kg/s],REMONI_VENTILATION:DesPer 4:Des Sens Cool Cap [W],REMONI_VENTILATION:DesPer 4:Des Tot Cool Cap [W],REMONI_VENTILATION:DesPer 5:Des Heat Mass Flow [kg/s],REMONI_VENTILATION:DesPer 5:Des Heat Cap [W],REMONI_VENTILATION:DesPer 5:Des Cool Mass Flow [kg/s],REMONI_VENTILATION:DesPer 5:Des Sens Cool Cap [W],REMONI_VENTILATION:DesPer 5:Des Tot Cool Cap [W],REMONI_VENTILATION:DesPer 6:Des Heat Mass Flow [kg/s],REMONI_VENTILATION:DesPer 6:Des Heat Cap [W],REMONI_VENTILATION:DesPer 6:Des Cool Mass Flow [kg/s],REMONI_VENTILATION:DesPer 6:Des Sens Cool Cap [W],REMONI_VENTILATION:DesPer 6:Des Tot Cool Cap [W],REMONI_VENTILATION:DesPer 7:Des Heat Mass Flow [kg/s],REMONI_VENTILATION:DesPer 7:Des Heat Cap [W],REMONI_VENTILATION:DesPer 7:Des Cool Mass Flow [kg/s],REMONI_VENTILATION:DesPer 7:Des Sens Cool Cap [W],REMONI_VENTILATION:DesPer 7:Des Tot Cool Cap [W],REMONI_VENTILATION:DesPer 8:Des Heat Mass Flow [kg/s],REMONI_VENTILATION:DesPer 8:Des Heat Cap [W],REMONI_VENTILATION:DesPer 8:Des Cool Mass Flow [kg/s],REMONI_VENTILATION:DesPer 8:Des Sens Cool Cap [W],REMONI_VENTILATION:DesPer 8:Des Tot Cool Cap [W],REMONI_VENTILATION:DesPer 9:Des Heat Mass Flow [kg/s],REMONI_VENTILATION:DesPer 9:Des Heat Cap [W],REMONI_VENTILATION:DesPer 9:Des Cool Mass Flow [kg/s],REMONI_VENTILATION:DesPer 9:Des Sens Cool Cap [W],REMONI_VENTILATION:DesPer 9:Des Tot Cool Cap [W],REMONI_VENTILATION:DesPer10:Des Heat Mass Flow [kg/s],REMONI_VENTILATION:DesPer10:Des Heat Cap [W],REMONI_VENTILATION:DesPer10:Des Cool Mass Flow [kg/s],REMONI_VENTILATION:DesPer10:Des Sens Cool Cap [W],REMONI_VENTILATION:DesPer10:Des Tot Cool Cap [W],REMONI_VENTILATION:DesPer11:Des Heat Mass Flow [kg/s],REMONI_VENTILATION:DesPer11:Des Heat Cap [W],REMONI_VENTILATION:DesPer11:Des Cool Mass Flow [kg/s],REMONI_VENTILATION:DesPer11:Des Sens Cool Cap [W],REMONI_VENTILATION:DesPer11:Des Tot Cool Cap [W],REMONI_VENTILATION:DesPer12:Des Heat Mass Flow [kg/s],REMONI_VENTILATION:DesPer12:Des Heat Cap [W],REMONI_VENTILATION:DesPer12:Des Cool Mass Flow [kg/s],REMONI_VENTILATION:DesPer12:Des Sens Cool Cap [W],REMONI_VENTILATION:DesPer12:Des Tot Cool Cap [W],REMONI_VENTILATION:DesPer13:Des Heat Mass Flow [kg/s],REMONI_VENTILATION:DesPer13:Des Heat Cap [W],REMONI_VENTILATION:DesPer13:Des Cool Mass Flow [kg/s],REMONI_VENTILATION:DesPer13:Des Sens Cool Cap [W],REMONI_VENTILATION:DesPer13:Des Tot Cool Cap [W],REMONI_VENTILATION:DesPer14:Des Heat Mass Flow [kg/s],REMONI_VENTILATION:DesPer14:Des Heat Cap [W],REMONI_VENTILATION:DesPer14:Des Cool Mass Flow [kg/s],REMONI_VENTILATION:DesPer14:Des Sens Cool Cap [W],REMONI_VENTILATION:DesPer14:Des Tot Cool Cap [W]
00:30:00,1.529087E+00,3.595447E+04,5.440203E-01,0.000000E+00,0.000000E+00,1.663810E+00,4.313485E+04,5.440203E-01,0.000000E+00,0.000000E+00,8.703448E-01,9.882681E+03,5.440203E-01,0.000000E+00,0.000000E+00,8.406926E-01,9.039116E+03,5.440203E-01,0.000000E+00,0.000000E+00,1.425064E+00,3.064454E+04,5.440203E-01,0.000000E+00,0.000000E+00,1.531385E+00,3.585463E+04,5.440203E-01,0.000000E+00,0.000000E+00,6.873286E-01,7.507562E+03,5.440203E-01,0.000000E+00,0.000000E+00,7.075377E-01,8.012692E+03,5.440203E-01,0.000000E+00,0.000000E+00,8.634309E-01,1.238102E+04,5.440203E-01,0.000000E+00,0.000000E+00,8.789114E-01,1.286796E+04,5.440203E-01,0.000000E+00,0.000000E+00,7.594125E-01,9.363264E+03,5.440203E-01,0.000000E+00,0.000000E+00,7.747280E-01,9.785646E+03,5.440203E-01,0.000000E+00,0.000000E+00,8.113061E-01,1.081834E+04,5.440203E-01,0.000000E+00,0.000000E+00,8.267260E-01,1.127318E+04,5.440203E-01,0.000000E+00,0.000000E+00
01:00:00,1.535409E+00,3.610313E+04,5.440203E-01,0.000000E+00,0.000000E+00,1.670240E+00,4.330156E+04,5.440203E-01,0.000000E+00,0.000000E+00,8.747092E-01,9.932237E+03,5.440203E-01,0.000000E+00,0.000000E+00,8.450050E-01,9.085483E+03,5.440203E-01,0.000000E+00,0.000000E+00,1.431296E+00,3.077855E+04,5.440203E-01,0.000000E+00,0.000000E+00,1.537711E+00,3.600275E+04,5.440203E-01,0.000000E+00,0.000000E+00,6.945162E-01,7.674005E+03,5.440203E-01,0.000000E+00,0.000000E+00,7.147775E-01,8.185180E+03,5.440203E-01,0.000000E+00,0.000000E+00,8.709408E-01,1.259898E+04,5.440203E-01,0.000000E+00,0.000000E+00,8.864522E-01,1.309060E+04,5.440203E-01,0.000000E+00,0.000000E+00,7.667314E-01,9.550580E+03,5.440203E-01,0.000000E+00,0.000000E+00,7.820809E-01,9.977541E+03,5.440203E-01,0.000000E+00,0.000000E+00,8.187225E-01,1.102089E+04,5.440203E-01,0.000000E+00,0.000000E+00,8.341746E-01,1.148036E+04,5.440203E-01,0.000000E+00,0.000000E+00
01:30:00,1.541284E+00,3.624127E+04,5.440203E-01,0.000000E+00,0.000000E+00,1.676211E+00,4.345635E+04,5.440203E-01,0.000000E+00,0.000000E+00,8.788614E-01,9.979385E+03,5.440203E-01,0.000000E+00,0.000000E+00,8.491086E-01,9.129604E+03,5.440203E-01,0.000000E+00,0.000000E+00,1.437092E+00,3.090320E+04,5.440203E-01,0.000000E+00,0.000000E+00,1.543591E+00,3.614041E+04,5.440203E-01,0.000000E+00,0.000000E+00,7.012938E-01,7.808088E+03,5.440203E-01,0.000000E+00,0.000000E+00,7.215995E-01,8.324211E+03,5.440203E-01,0.000000E+00,0.000000E+00,8.780417E-01,1.277582E+04,5.440203E-01,0.000000E+00,0.000000E+00,8.935822E-01,1.327131E+04,5.440203E-01,0.000000E+00,0.000000E+00,7.736643E-01,9.702242E+03,5.440203E-01,0.000000E+00,0.000000E+00,7.890453E-01,1.013299E+04,5.440203E-01,0.000000E+00,0.000000E+00,8.257411E-01,1.118507E+04,5.440203E-01,0.000000E+00,0.000000E+00,8.412232E-01,1.164838E+04,5.440203E-01,0.000000E+00,0.000000E+00
02:00:00,1.546672E+00,3.636796E+04,5.440203E-01,0.000000E+00,0.000000E+00,1.681683E+00,4.359821E+04,5.440203E-01,0.000000E+00,0.000000E+00,8.826866E-01,1.002282E+04,5.440203E-01,0.000000E+00,0.000000E+00,8.528906E-01,9.170269E+03,5.440203E-01,0.000000E+00,0.000000E+00,1.442411E+00,3.101756E+04,5.440203E-01,0.000000E+00,0.000000E+00,1.548983E+00,3.626665E+04,5.440203E-01,0.000000E+00,0.000000E+00,7.073585E-01,7.935319E+03,5.440203E-01,0.000000E+00,0.000000E+00,7.277046E-01,8.456062E+03,5.440203E-01,0.000000E+00,0.000000E+00,8.843775E-01,1.294265E+04,5.440203E-01,0.000000E+00,0.000000E+00,8.999440E-01,1.344176E+04,5.440203E-01,0.000000E+00,0.000000E+00,7.798541E-01,9.845692E+03,5.440203E-01,0.000000E+00,0.000000E+00,7.952633E-01,1.027997E+04,5.440203E-01,0.000000E+00,0.000000E+00,8.320053E-01,1.134015E+04,5.440203E-01,0.000000E+00,0.000000E+00,8.475143E-01,1.180703E+04,5.440203E-01,0.000000E+00,0.000000E+00
02:30:00,1.551631E+00,3.648457E+04,5.440203E-01,0.000000E+00,0.000000E+00,1.686716E+00,4.372872E+04,5.440203E-01,0.000000E+00,0.000000E+00,8.862217E-01,1.006296E+04,5.440203E-01,0.000000E+00,0.000000E+00,8.563873E-01,9.207865E+03,5.440203E-01,0.000000E+00,0.000000E+00,1.447309E+00,3.112289E+04,5.440203E-01,0.000000E+00,0.000000E+00,1.553946E+00,3.638285E+04,5.440203E-01,0.000000E+00,0.000000E+00,7.129488E-01,8.043165E+03,5.440203E-01,0.000000E+00,0.000000E+00,7.333320E-01,8.567878E+03,5.440203E-01,0.000000E+00,0.000000E+00,8.901996E-01,1.308421E+04,5.440203E-01,0.000000E+00,0.000000E+00,9.057898E-01,1.358642E+04,5.440203E-01,0.000000E+00,0.000000E+00,7.855465E-01,9.967289E+03,5.440203E-01,0.000000E+00,0.000000E+00,8.009814E-01,1.040459E+04,5.440203E-01,0.000000E+00,0.000000E+00,8.377639E-01,1.147168E+04,5.440203E-01,0.000000E+00,0.000000E+00,8.532973E-01,1.194161E+04,5.440203E-01,0.000000E+00,0.000000E+00
03:00:00,1.556212E+00,3.659229E+04,5.440203E-01,0.000000E+00,0.000000E+00,1.691364E+00,4.384920E+04,5.440203E-01,0.000000E+00,0.000000E+00,8.894987E-01,1.010017E+04,5.440203E-01,0.000000E+00,0.000000E+00,8.596299E-01,9.242729E+03,5.440203E-01,0.000000E+00,0.000000E+00,1.451835E+00,3.122022E+04,5.440203E-01,0.000000E+00,0.000000E+00,1.558530E+00,3.649018E+04,5.440203E-01,0.000000E+00,0.000000E+00,7.180862E-01,8.146583E+03,5.440203E-01,0.000000E+00,0.000000E+00,7.385036E-01,8.675052E+03,5.440203E-01,0.000000E+00,0.000000E+00,8.955434E-01,1.321945E+04,5.440203E-01,0.000000E+00,0.000000E+00,9.111552E-01,1.372458E+04,5.440203E-01,0.000000E+00,0.000000E+00,7.907748E-01,1.008369E+04,5.440203E-01,0.000000E+00,0.000000E+00,8.062332E-01,1.052385E+04,5.440203E-01,0.000000E+00,0.000000E+00,8.430512E-01,1.159745E+04,5.440203E-01,0.000000E+00,0.000000E+00,8.586067E-01,1.207027E+04,5.440203E-01,0.000000E+00,0.000000E+00
03:30:00,1.560399E+00,3.669073E+04,5.440203E-01,0.000000E+00,0.000000E+00,1.695609E+00,4.395927E+04,5.440203E-01,0.000000E+00,0.000000E+00,8.925452E-01,1.013476E+04,5.440203E-01,0.000000E+00,0.000000E+00,8.626454E-01,9.275153E+03,5.440203E-01,0.000000E+00,0.000000E+00,1.455973E+00,3.130921E+04,5.440203E-01,0.000000E+00,0.000000E+00,1.562719E+00,3.658827E+04,5.440203E-01,0.000000E+00,0.000000E+00,7.230205E-01,8.248333E+03,5.440203E-01,0.000000E+00,0.000000E+00,7.434698E-01,8.780455E+03,5.440203E-01,0.000000E+00,0.000000E+00,9.006671E-01,1.335210E+04,5.440203E-01,0.000000E+00,0.000000E+00,9.162990E-01,1.386006E+04,5.440203E-01,0.000000E+00,0.000000E+00,7.957925E-01,1.019805E+04,5.440203E-01,0.000000E+00,0.000000E+00,8.112728E-01,1.064099E+04,5.440203E-01,0.000000E+00,0.000000E+00,8.481231E-01,1.172091E+04,5.440203E-01,0.000000E+00,0.000000E+00,8.636992E-01,1.219654E+04,5.440203E-01,0.000000E+00,0.000000E+00
04:00:00,1.564259E+00,3.678151E+04,5.440203E-01,0.000000E+00,0.000000E+00,1.699523E+00,4.406073E+04,5.440203E-01,0.000000E+00,0.000000E+00,8.953851E-01,1.016701E+04,5.440203E-01,0.000000E+00,0.000000E+00,8.654574E-01,9.305387E+03,5.440203E-01,0.000000E+00,0.000000E+00,1.459790E+00,3.139128E+04,5.440203E-01,0.000000E+00,0.000000E+00,1.566582E+00,3.667871E+04,5.440203E-01,0.000000E+00,0.000000E+00,7.277792E-01,8.348694E+03,5.440203E-01,0.000000E+00,0.000000E+00,7.482586E-01,8.884381E+03,5.440203E-01,0.000000E+00,0.000000E+00,9.056010E-01,1.348257E+04,5.440203E-01,0.000000E+00,0.000000E+00,9.212517E-01,1.399330E+04,5.440203E-01,0.000000E+00,0.000000E+00,8.006285E-01,1.031071E+04,5.440203E-01,0.000000E+00,0.000000E+00,8.161292E-01,1.075636E+04,5.440203E-01,0.000000E+00,0.000000E+00,8.530091E-01,1.184243E+04,5.440203E-01,0.000000E+00,0.000000E+00,8.686044E-01,1.232079E+04,5.440203E-01,0.000000E+00,0.000000E+00
04:30:00,1.567905E+00,3.686723E+04,5.440203E-01,0.000000E+00,0.000000E+00,1.703217E+00,4.415649E+04,5.440203E-01,0.000000E+00,0.000000E+00,8.980391E-01,1.019715E+04,5.440203E-01,0.000000E+00,0.000000E+00,8.680861E-01,9.333650E+03,5.440203E-01,0.000000E+00,0.000000E+00,1.463396E+00,3.146882E+04,5.440203E-01,0.000000E+00,0.000000E+00,1.570230E+00,3.676412E+04,5.440203E-01,0.000000E+00,0.000000E+00,7.321537E-01,8.429776E+03,5.440203E-01,0.000000E+00,0.000000E+00,7.526607E-01,8.968413E+03,5.440203E-01,0.000000E+00,0.000000E+00,9.101324E-01,1.358845E+04,5.440203E-01,0.000000E+00,0.000000E+00,9.258002E-01,1.410146E+04,5.440203E-01,0.000000E+00,0.000000E+00,8.050723E-01,1.040191E+04,5.440203E-01,0.000000E+00,0.000000E+00,8.205917E-01,1.084981E+04,5.440203E-01,0.000000E+00,0.000000E+00,8.574976E-01,1.194094E+04,5.440203E-01,0.000000E+00,0.000000E+00,8.731104E-01,1.242156E+04,5.440203E-01,0.000000E+00,0.000000E+00
05:00:00,1.571335E+00,3.694787E+04,5.440203E-01,0.000000E+00,0.000000E+00,1.706690E+00,4.424653E+04,5.440203E-01,0.000000E+00,0.000000E+00,9.004883E-01,1.022496E+04,5.440203E-01,0.000000E+00,0.000000E+00,8.705124E-01,9.359738E+03,5.440203E-01,0.000000E+00,0.000000E+00,1.466789E+00,3.154180E+04,5.440203E-01,0.000000E+00,0.000000E+00,1.573662E+00,3.684447E+04,5.440203E-01,0.000000E+00,0.000000E+00,7.361503E-01,8.506859E+03,5.440203E-01,0.000000E+00,0.000000E+00,7.566825E-01,9.048270E+03,5.440203E-01,0.000000E+00,0.000000E+00,9.142690E-01,1.368880E+04,5.440203E-01,0.000000E+00,0.000000E+00,9.299523E-01,1.420395E+04,5.440203E-01,0.000000E+00,0.000000E+00,8.091308E-01,1.048850E+04,5.440203E-01,0.000000E+00,0.000000E+00,8.246673E-01,1.093850E+04,5.440203E-01,0.000000E+00,0.000000E+00,8.615961E-01,1.203437E+04,5.440203E-01,0.000000E+00,0.000000E+00,8.772248E-01,1.251711E+04,5.440203E-01,0.000000E+00,0.000000E+00
05:30:00,1.574552E+00,3.702352E+04,5.440203E-01,0.000000E+00,0.000000E+00,1.709946E+00,4.433096E+04,5.440203E-01,0.000000E+00,0.000000E+00,9.027674E-01,1.025084E+04,5.440203E-01,0.000000E+00,0.000000E+00,8.727706E-01,9.384018E+03,5.440203E-01,0.000000E+00,0.000000E+00,1.469974E+00,3.161028E+04,5.440203E-01,0.000000E+00,0.000000E+00,1.576881E+00,3.691984E+04,5.440203E-01,0.000000E+00,0.000000E+00,7.391068E-01,8.509831E+03,5.440203E-01,0.000000E+00,0.000000E+00,7.596601E-01,9.051815E+03,5.440203E-01,0.000000E+00,0.000000E+00,9.173341E-01,1.369597E+04,5.440203E-01,0.000000E+00,0.000000E+00,9.330300E-01,1.421158E+04,5.440203E-01,0.000000E+00,0.000000E+00,8.121360E-01,1.049318E+04,5.440203E-01,0.000000E+00,0.000000E+00,8.276866E-01,1.094361E+04,5.440203E-01,0.000000E+00,0.000000E+00,8.646320E-01,1.204029E+04,5.440203E-01,0.000000E+00,0.000000E+00,8.802737E-01,1.252347E+04,5.440203E-01,0.000000E+00,0.000000E+00
06:00:00,1.577574E+00,3.709460E+04,5.440203E-01,0.000000E+00,0.000000E+00,1.713005E+00,4.441025E+04,5.440203E-01,0.000000E+00,0.000000E+00,9.049408E-01,1.027551E+04,5.440203E-01,0.000000E+00,0.000000E+00,8.749248E-01,9.407180E+03,5.440203E-01,0.000000E+00,0.000000E+00,1.472967E+00,3.167465E+04,5.440203E-01,0.000000E+00,0.000000E+00,1.579906E+00,3.699065E+04,5.440203E-01,0.000000E+00,0.000000E+00,7.409977E-01,8.500330E+03,5.440203E-01,0.000000E+00,0.000000E+00,7.615680E-01,9.042408E+03,5.440203E-01,0.000000E+00,0.000000E+00,9.193023E-01,1.368656E+04,5.440203E-01,0.000000E+00,0.000000E+00,9.350081E-01,1.420225E+04,5.440203E-01,0.000000E+00,0.000000E+00,8.140623E-01,1.048371E+04,5.440203E-01,0.000000E+00,0.000000E+00,8.296240E-01,1.093422E+04,5.440203E-01,0.000000E+00,0.000000E+00,8.665800E-01,1.203084E+04,5.440203E-01,0.000000E+00,0.000000E+00,8.822317E-01,1.251409E+04,5.440203E-01,0.000000E+00,0.000000E+00
06:30:00,2.105902E+00,4.951754E+04,5.440203E-01,0.000000E+00,0.000000E+00,2.263596E+00,5.868452E+04,5.440203E-01,0.000000E+00,0.000000E+00,1.276148E+00,1.449054E+04,5.440203E-01,0.000000E+00,0.000000E+00,1.234216E+00,1.327028E+04,5.440203E-01,0.000000E+00,0.000000E+00,1.986455E+00,4.271667E+04,5.440203E-01,0.000000E+00,0.000000E+00,2.108940E+00,4.937703E+04,5.440203E-01,0.000000E+00,0.000000E+00,1.084770E+00,1.228366E+04,5.440203E-01,0.000000E+00,0.000000E+00,1.109674E+00,1.301170E+04,5.440203E-01,0.000000E+00,0.000000E+00,1.299370E+00,1.915306E+04,5.440203E-01,0.000000E+00,0.000000E+00,1.320089E+00,1.985642E+04,5.440203E-01,0.000000E+00,0.000000E+00,1.173105E+00,1.493427E+04,5.440203E-01,0.000000E+00,0.000000E+00,1.191857E+00,1.553229E+04,5.440203E-01,0.000000E+00,0.000000E+00,1.236275E+00,1.698075E+04,5.440203E-01,0.000000E+00,0.000000E+00,1.255035E+00,1.761677E+04,5.440203E-01,0.000000E+00,0.000000E+00
07:00:00,2.477190E+00,5.824789E+04,5.440203E-01,0.000000E+00,0.000000E+00,2.658762E+00,6.892934E+04,5.440203E-01,0.000000E+00,0.000000E+00,1.553076E+00,1.763502E+04,5.440203E-01,0.000000E+00,0.000000E+00,1.505641E+00,1.618863E+04,5.440203E-01,0.000000E+00,0.000000E+00,2.345108E+00,5.042914E+04,5.440203E-01,0.000000E+00,0.000000E+00,2.480749E+00,5.808228E+04,5.440203E-01,0.000000E+00,0.000000E+00,1.327145E+00,1.483222E+04,5.440203E-01,0.000000E+00,0.000000E+00,1.355255E+00,1.569111E+04,5.440203E-01,0.000000E+00,0.000000E+00,1.588010E+00,2.317313E+04,5.440203E-01,0.000000E+00,0.000000E+00,1.611881E+00,2.400737E+04,5.440203E-01,0.000000E+00,0.000000E+00,1.426605E+00,1.795074E+04,5.440203E-01,0.000000E+00,0.000000E+00,1.450611E+00,1.869011E+04,5.440203E-01,0.000000E+00,0.000000E+00,1.507463E+00,2.048295E+04,5.440203E-01,0.000000E+00,0.000000E+00,1.531425E+00,2.127020E+04,5.440203E-01,0.000000E+00,0.000000E+00
07:30:00,2.368261E+00,5.568656E+04,5.440203E-01,0.000000E+00,0.000000E+00,2.536987E+00,6.577229E+04,5.440203E-01,0.000000E+00,0.000000E+00,1.483642E+00,1.684661E+04,5.440203E-01,0.000000E+00,0.000000E+00,1.438850E+00,1.547049E+04,5.440203E-01,0.000000E+00,0.000000E+00,2.239987E+00,4.816862E+04,5.440203E-01,0.000000E+00,0.000000E+00,2.371206E+00,5.551754E+04,5.440203E-01,0.000000E+00,0.000000E+00,1.265364E+00,1.368783E+04,5.440203E-01,0.000000E+00,0.000000E+00,1.292122E+00,1.449664E+04,5.440203E-01,0.000000E+00,0.000000E+00,1.501501E+00,2.137210E+04,5.440203E-01,0.000000E+00,0.000000E+00,1.524384E+00,2.215734E+04,5.440203E-01,0.000000E+00,0.000000E+00,1.360039E+00,1.662526E+04,5.440203E-01,0.000000E+00,0.000000E+00,1.380102E+00,1.728656E+04,5.440203E-01,0.000000E+00,0.000000E+00,1.427592E+00,1.888556E+04,5.440203E-01,0.000000E+00,0.000000E+00,1.447667E+00,1.958754E+04,5.440203E-01,0.000000E+00,0.000000E+00
08:00:00,2.368845E+00,5.570029E+04,5.440203E-01,0.000000E+00,0.000000E+00,2.535812E+00,6.574182E+04,5.440203E-01,0.000000E+00,0.000000E+00,1.500822E+00,1.704168E+04,5.440203E-01,0.000000E+00,0.000000E+00,1.457229E+00,1.566811E+04,5.440203E-01,0.000000E+00,0.000000E+00,2.242358E+00,4.821960E+04,5.440203E-01,0.000000E+00,0.000000E+00,2.371692E+00,5.552890E+04,5.440203E-01,0.000000E+00,0.000000E+00,1.267978E+00,1.326123E+04,5.440203E-01,0.000000E+00,0.000000E+00,1.294086E+00,1.405444E+04,5.440203E-01,0.000000E+00,0.000000E+00,1.505077E+00,2.088308E+04,5.440203E-01,0.000000E+00,0.000000E+00,1.527463E+00,2.165414E+04,5.440203E-01,0.000000E+00,0.000000E+00,1.360449E+00,1.614224E+04,5.440203E-01,0.000000E+00,0.000000E+00,1.380092E+00,1.679134E+04,5.440203E-01,0.000000E+00,0.000000E+00,1.429776E+00,1.840155E+04,5.440203E-01,0.000000E+00,0.000000E+00,1.452169E+00,1.912751E+04,5.440203E-01,0.000000E+00,0.000000E+00
08:30:00,2.305255E+00,5.420506E+04,5.440203E-01,0.000000E+00,0.000000E+00,2.467961E+00,6.398276E+04,5.440203E-01,0.000000E+00,0.000000E+00,1.441905E+00,1.637269E+04,5.440203E-01,0.000000E+00,0.000000E+00,1.398545E+00,1.503714E+04,5.440203E-01,0.000000E+00,0.000000E+00,2.179222E+00,4.686194E+04,5.440203E-01,0.000000E+00,0.000000E+00,2.308060E+00,5.403909E+04,5.440203E-01,0.000000E+00,0.000000E+00,1.210255E+00,1.217229E+04,5.440203E-01,0.000000E+00,0.000000E+00,1.236236E+00,1.293050E+04,5.440203E-01,0.000000E+00,0.000000E+00,1.433720E+00,1.931816E+04,5.440203E-01,0.000000E+00,0.000000E+00,1.456003E+00,2.005733E+04,5.440203E-01,0.000000E+00,0.000000E+00,1.302214E+00,1.492915E+04,5.440203E-01,0.000000E+00,0.000000E+00,1.321745E+00,1.555150E+04,5.440203E-01,0.000000E+00,0.000000E+00,1.367962E+00,1.705751E+04,5.440203E-01,0.000000E+00,0.000000E+00,1.387526E+00,1.771975E+04,5.440203E-01,0.000000E+00,0.000000E+00
09:00:00,2.274037E+00,5.347100E+04,5.440203E-01,0.000000E+00,0.000000E+00,2.436140E+00,6.315777E+04,5.440203E-01,0.000000E+00,0.000000E+00,1.415367E+00,1.607136E+04,5.440203E-01,0.000000E+00,0.000000E+00,1.372329E+00,1.475527E+04,5.440203E-01,0.000000E+00,0.000000E+00,2.148497E+00,4.620122E+04,5.440203E-01,0.000000E+00,0.000000E+00,2.276819E+00,5.330763E+04,5.440203E-01,0.000000E+00,0.000000E+00,1.178001E+00,1.137559E+04,5.440203E-01,0.000000E+00,0.000000E+00,1.203793E+00,1.210852E+04,5.440203E-01,0.000000E+00,0.000000E+00,1.399935E+00,1.830165E+04,5.440203E-01,0.000000E+00,0.000000E+00,1.419384E+00,1.898379E+04,5.440203E-01,0.000000E+00,0.000000E+00,1.269293E+00,1.404281E+04,5.440203E-01,0.000000E+00,0.000000E+00,1.288694E+00,1.464595E+04,5.440203E-01,0.000000E+00,0.000000E+00,1.334598E+00,1.610640E+04,5.440203E-01,0.000000E+00,0.000000E+00,1.354039E+00,1.674921E+04,5.440203E-01,0.000000E+00,0.000000E+00
09:30:00,2.248934E+00,5.288074E+04,5.440203E-01,0.000000E+00,0.000000E+00,2.410574E+00,6.249497E+04,5.440203E-01,0.000000E+00,0.000000E+00,1.393849E+00,1.582702E+04,5.440203E-01,0.000000E+00,0.000000E+00,1.351046E+00,1.452643E+04,5.440203E-01,0.000000E+00,0.000000E+00,2.123768E+00,4.566946E+04,5.440203E-01,0.000000E+00,0.000000E+00,2.251698E+00,5.271947E+04,5.440203E-01,0.000000E+00,0.000000E+00,1.150340E+00,1.069581E+04,5.440203E-01,0.000000E+00,0.000000E+00,1.175973E+00,1.140682E+04,5.440203E-01,0.000000E+00,0.000000E+00,1.371070E+00,1.743244E+04,5.440203E-01,0.000000E+00,0.000000E+00,1.390427E+00,1.809770E+04,5.440203E-01,0.000000E+00,0.000000E+00,1.241104E+00,1.328572E+04,5.440203E-01,0.000000E+00,0.000000E+00,1.260406E+00,1.387230E+04,5.440203E-01,0.000000E+00,0.000000E+00,1.306064E+00,1.529350E+04,5.440203E-01,0.000000E+00,0.000000E+00,1.325409E+00,1.591959E+04,5.440203E-01,0.000000E+00,0.000000E+00
10:00:00,2.227817E+00,5.238421E+04,5.440203E-01,0.000000E+00,0.000000E+00,2.389078E+00,6.193769E+04,5.440203E-01,0.000000E+00,0.000000E+00,1.375610E+00,1.561992E+04,5.440203E-01,0.000000E+00,0.000000E+00,1.333004E+00,1.433244E+04,5.440203E-01,0.000000E+00,0.000000E+00,2.102956E+00,4.522192E+04,5.440203E-01,0.000000E+00,0.000000E+00,2.230566E+00,5.222470E+04,5.440203E-01,0.000000E+00,0.000000E+00,1.125945E+00,1.006507E+04,5.440203E-01,0.000000E+00,0.000000E+00,1.151416E+00,1.075557E+04,5.440203E-01,0.000000E+00,0.000000E+00,1.345641E+00,1.662639E+04,5.440203E-01,0.000000E+00,0.000000E+00,1.364905E+00,1.727587E+04,5.440203E-01,0.000000E+00,0.000000E+00,1.216242E+00,1.258327E+04,5.440203E-01,0.000000E+00,0.000000E+00,1.235450E+00,1.315443E+04,5.440203E-01,0.000000E+00,0.000000E+00,1.280912E+00,1.453948E+04,5.440203E-01,0.000000E+00,0.000000E+00,1.300163E+00,1.514995E+04,5.440203E-01,0.000000E+00,0.000000E+00
10:30:00,2.209711E+00,5.195846E+04,5.440203E-01,0.000000E+00,0.000000E+00,2.370654E+00,6.146004E+04,5.440203E-01,0.000000E+00,0.000000E+00,1.359912E+00,1.544167E+04,5.440203E-01,0.000000E+00,0.000000E+00,1.318006E+00,1.417119E+04,5.440203E-01,0.000000E+00,0.000000E+00,2.085105E+00,4.483804E+04,5.440203E-01,0.000000E+00,0.000000E+00,2.212447E+00,5.180048E+04,5.440203E-01,0.000000E+00,0.000000E+00,1.104156E+00,9.520797E+03,5.440203E-01,0.000000E+00,0.000000E+00,1.129473E+00,1.019309E+04,5.440203E-01,0.000000E+00,0.000000E+00,1.322972E+00,1.592754E+04,5.440203E-01,0.000000E+00,0.000000E+00,1.342133E+00,1.656282E+04,5.440203E-01,0.000000E+00,0.000000E+00,1.194059E+00,1.197580E+04,5.440203E-01,0.000000E+00,0.000000E+00,1.213165E+00,1.253315E+04,5.440203E-01,0.000000E+00,0.000000E+00,1.258480E+00,1.388651E+04,5.440203E-01,0.000000E+00,0.000000E+00,1.277629E+00,1.448296E+04,5.440203E-01,0.000000E+00,0.000000E+00
11:00:00,2.193963E+00,5.158816E+04,5.440203E-01,0.000000E+00,0.000000E+00,2.354639E+00,6.104484E+04,5.440203E-01,0.000000E+00,0.000000E+00,1.346232E+00,1.528633E+04,5.440203E-01,0.000000E+00,0.000000E+00,1.306551E+00,1.404802E+04,5.440203E-01,0.000000E+00,0.000000E+00,2.069572E+00,4.450403E+04,5.440203E-01,0.000000E+00,0.000000E+00,2.196688E+00,5.143152E+04,5.440203E-01,0.000000E+00,0.000000E+00,1.084518E+00,9.008177E+03,5.440203E-01,0.000000E+00,0.000000E+00,1.109688E+00,9.663281E+03,5.440203E-01,0.000000E+00,0.000000E+00,1.302569E+00,1.526960E+04,5.440203E-01,0.000000E+00,0.000000E+00,1.321642E+00,1.589161E+04,5.440203E-01,0.000000E+00,0.000000E+00,1.174082E+00,1.140381E+04,5.440203E-01,0.000000E+00,0.000000E+00,1.193083E+00,1.194803E+04,5.440203E-01,0.000000E+00,0.000000E+00,1.238284E+00,1.327171E+04,5.440203E-01,0.000000E+00,0.000000E+00,1.257343E+00,1.385501E+04,5.440203E-01,0.000000E+00,0.000000E+00
11:30:00,2.180207E+00,5.126471E+04,5.440203E-01,0.000000E+00,0.000000E+00,2.340656E+00,6.068232E+04,5.440203E-01,0.000000E+00,0.000000E+00,1.334251E+00,1.515029E+04,5.440203E-01,0.000000E+00,0.000000E+00,1.296527E+00,1.394024E+04,5.440203E-01,0.000000E+00,0.000000E+00,2.056000E+00,4.421218E+04,5.440203E-01,0.000000E+00,0.000000E+00,2.182924E+00,5.110924E+04,5.440203E-01,0.000000E+00,0.000000E+00,1.067511E+00,8.641652E+03,5.440203E-01,0.000000E+00,0.000000E+00,1.092559E+00,9.283565E+03,5.440203E-01,0.000000E+00,0.000000E+00,1.284912E+00,1.479147E+04,5.440203E-01,0.000000E+00,0.000000E+00,1.303920E+00,1.540337E+04,5.440203E-01,0.000000E+00,0.000000E+00,1.156787E+00,1.099172E+04,5.440203E-01,0.000000E+00,0.000000E+00,1.175702E+00,1.152587E+04,5.440203E-01,0.000000E+00,0.000000E+00,1.220804E+00,1.282675E+04,5.440203E-01,0.000000E+00,0.000000E+00,1.239793E+00,1.340001E+04,5.440203E-01,0.000000E+00,0.000000E+00
12:00:00,2.168064E+00,5.097918E+04,5.440203E-01,0.000000E+00,0.000000E+00,2.328317E+00,6.036244E+04,5.440203E-01,0.000000E+00,0.000000E+00,1.324500E+00,1.503957E+04,5.440203E-01,0.000000E+00,0.000000E+00,1.287660E+00,1.384490E+04,5.440203E-01,0.000000E+00,0.000000E+00,2.044016E+00,4.395446E+04,5.440203E-01,0.000000E+00,0.000000E+00,2.170773E+00,5.082475E+04,5.440203E-01,0.000000E+00,0.000000E+00,1.053163E+00,8.303268E+03,5.440203E-01,0.000000E+00,0.000000E+00,1.077914E+00,8.931660E+03,5.440203E-01,0.000000E+00,0.000000E+00,1.269808E+00,1.434964E+04,5.440203E-01,0.000000E+00,0.000000E+00,1.288763E+00,1.495236E+04,5.440203E-01,0.000000E+00,0.000000E+00,1.141992E+00,1.061016E+04,5.440203E-01,0.000000E+00,0.000000E+00,1.160842E+00,1.113524E+04,5.440203E-01,0.000000E+00,0.000000E+00,1.205851E+00,1.241518E+04,5.440203E-01,0.000000E+00,0.000000E+00,1.224784E+00,1.297933E+04,5.440203E-01,0.000000E+00,0.000000E+00
12:30:00,2.157178E+00,5.072321E+04,5.440203E-01,0.000000E+00,0.000000E+00,2.317261E+00,6.007580E+04,5.440203E-01,0.000000E+00,0.000000E+00,1.316453E+00,1.494819E+04,5.440203E-01,0.000000E+00,0.000000E+00,1.279690E+00,1.375921E+04,5.440203E-01,0.000000E+00,0.000000E+00,2.033267E+00,4.372333E+04,5.440203E-01,0.000000E+00,0.000000E+00,2.159880E+00,5.056972E+04,5.440203E-01,0.000000E+00,0.000000E+00,1.040269E+00,8.025994E+03,5.440203E-01,0.000000E+00,0.000000E+00,1.064703E+00,8.642457E+03,5.440203E-01,0.000000E+00,0.000000E+00,1.256187E+00,1.398366E+04,5.440203E-01,0.000000E+00,0.000000E+00,1.275097E+00,1.457854E+04,5.440203E-01,0.000000E+00,0.000000E+00,1.128645E+00,1.029562E+04,5.440203E-01,0.000000E+00,0.000000E+00,1.147440E+00,1.081298E+04,5.440203E-01,0.000000E+00,0.000000E+00,1.192364E+00,1.207503E+04,5.440203E-01,0.000000E+00,0.000000E+00,1.211249E+00,1.263141E+04,5.440203E-01,0.000000E+00,0.000000E+00
13:00:00,2.147383E+00,5.049291E+04,5.440203E-01,0.000000E+00,0.000000E+00,2.307318E+00,5.981803E+04,5.440203E-01,0.000000E+00,0.000000E+00,1.309197E+00,1.486581E+04,5.440203E-01,0.000000E+00,0.000000E+00,1.272504E+00,1.368194E+04,5.440203E-01,0.000000E+00,0.000000E+00,2.023594E+00,4.351530E+04,5.440203E-01,0.000000E+00,0.000000E+00,2.150080E+00,5.034026E+04,5.440203E-01,0.000000E+00,0.000000E+00,1.028547E+00,7.761915E+03,5.440203E-01,0.000000E+00,0.000000E+00,1.052863E+00,8.368610E+03,5.440203E-01,0.000000E+00,0.000000E+00,1.243814E+00,1.363594E+04,5.440203E-01,0.000000E+00,0.000000E+00,1.262683E+00,1.422345E+04,5.440203E-01,0.000000E+00,0.000000E+00,1.116515E+00,9.996486E+03,5.440203E-01,0.000000E+00,0.000000E+00,1.135263E+00,1.050657E+04,5.440203E-01,0.000000E+00,0.000000E+00,1.180109E+00,1.175170E+04,5.440203E-01,0.000000E+00,0.000000E+00,1.198951E+00,1.230077E+04,5.440203E-01,0.000000E+00,0.000000E+00
13:30:00,2.138538E+00,5.028493E+04,5.440203E-01,0.000000E+00,0.000000E+00,2.298342E+00,5.958533E+04,5.440203E-01,0.000000E+00,0.000000E+00,1.302634E+00,1.479128E+04,5.440203E-01,0.000000E+00,0.000000E+00,1.266002E+00,1.361203E+04,5.440203E-01,0.000000E+00,0.000000E+00,2.014854E+00,4.332738E+04,5.440203E-01,0.000000E+00,0.000000E+00,2.141230E+00,5.013305E+04,5.440203E-01,0.000000E+00,0.000000E+00,1.018173E+00,7.576203E+03,5.440203E-01,0.000000E+00,0.000000E+00,1.042427E+00,8.175672E+03,5.440203E-01,0.000000E+00,0.000000E+00,1.232868E+00,1.338586E+04,5.440203E-01,0.000000E+00,0.000000E+00,1.251700E+00,1.396767E+04,5.440203E-01,0.000000E+00,0.000000E+00,1.105782E+00,9.783712E+03,5.440203E-01,0.000000E+00,0.000000E+00,1.124487E+00,1.028820E+04,5.440203E-01,0.000000E+00,0.000000E+00,1.169266E+00,1.152036E+04,5.440203E-01,0.000000E+00,0.000000E+00,1.188070E+00,1.206378E+04,5.440203E-01,0.000000E+00,0.000000E+00
14:00:00,2.130510E+00,5.009614E+04,5.440203E-01,0.000000E+00,0.000000E+00,2.290198E+00,5.937420E+04,5.440203E-01,0.000000E+00,0.000000E+00,1.296667E+00,1.472353E+04,5.440203E-01,0.000000E+00,0.000000E+00,1.260090E+00,1.354847E+04,5.440203E-01,0.000000E+00,0.000000E+00,2.006920E+00,4.315675E+04,5.440203E-01,0.000000E+00,0.000000E+00,2.133197E+00,4.994497E+04,5.440203E-01,0.000000E+00,0.000000E+00,1.009090E+00,7.402150E+03,5.440203E-01,0.000000E+00,0.000000E+00,1.033287E+00,7.994967E+03,5.440203E-01,0.000000E+00,0.000000E+00,1.223284E+00,1.315273E+04,5.440203E-01,0.000000E+00,0.000000E+00,1.242084E+00,1.372931E+04,5.440203E-01,0.000000E+00,0.000000E+00,1.096382E+00,9.584871E+03,5.440203E-01,0.000000E+00,0.000000E+00,1.115050E+00,1.008421E+04,5.440203E-01,0.000000E+00,0.000000E+00,1.159772E+00,1.130445E+04,5.440203E-01,0.000000E+00,0.000000E+00,1.178542E+00,1.184268E+04,5.440203E-01,0.000000E+00,0.000000E+00
14:30:00,2.123188E+00,4.992399E+04,5.440203E-01,0.000000E+00,0.000000E+00,2.282774E+00,5.918173E+04,5.440203E-01,0.000000E+00,0.000000E+00,1.291219E+00,1.466166E+04,5.440203E-01,0.000000E+00,0.000000E+00,1.254690E+00,1.349041E+04,5.440203E-01,0.000000E+00,0.000000E+00,1.999681E+00,4.300110E+04,5.440203E-01,0.000000E+00,0.000000E+00,2.125871E+00,4.977346E+04,5.440203E-01,0.000000E+00,0.000000E+00,1.001770E+00,7.348452E+03,5.440203E-01,0.000000E+00,0.000000E+00,1.025916E+00,7.937932E+03,5.440203E-01,0.000000E+00,0.000000E+00,1.215551E+00,1.306959E+04,5.440203E-01,0.000000E+00,0.000000E+00,1.234322E+00,1.364351E+04,5.440203E-01,0.000000E+00,0.000000E+00,1.088800E+00,9.518586E+03,5.440203E-01,0.000000E+00,0.000000E+00,1.107434E+00,1.001533E+04,5.440203E-01,0.000000E+00,0.000000E+00,1.152112E+00,1.122978E+04,5.440203E-01,0.000000E+00,0.000000E+00,1.170852E+00,1.176541E+04,5.440203E-01,0.000000E+00,0.000000E+00
15:00:00,2.116482E+00,4.976630E+04,5.440203E-01,0.000000E+00,0.000000E+00,2.275977E+00,5.900550E+04,5.440203E-01,0.000000E+00,0.000000E+00,1.286222E+00,1.460492E+04,5.440203E-01,0.000000E+00,0.000000E+00,1.249738E+00,1.343716E+04,5.440203E-01,0.000000E+00,0.000000E+00,1.993050E+00,4.285850E+04,5.440203E-01,0.000000E+00,0.000000E+00,2.119162E+00,4.961637E+04,5.440203E-01,0.000000E+00,0.000000E+00,9.961688E-01,7.307364E+03,5.440203E-01,0.000000E+00,0.000000E+00,1.020269E+00,7.894241E+03,5.440203E-01,0.000000E+00,0.000000E+00,1.209619E+00,1.300581E+04,5.440203E-01,0.000000E+00,0.000000E+00,1.228366E+00,1.357768E+04,5.440203E-01,0.000000E+00,0.000000E+00,1.082989E+00,9.467785E+03,5.440203E-01,0.000000E+00,0.000000E+00,1.101594E+00,9.962516E+03,5.440203E-01,0.000000E+00,0.000000E+00,1.146239E+00,1.117253E+04,5.440203E-01,0.000000E+00,0.000000E+00,1.164953E+00,1.170613E+04,5.440203E-01,0.000000E+00,0.000000E+00
15:30:00,2.110316E+00,4.962131E+04,5.440203E-01,0.000000E+00,0.000000E+00,2.269728E+00,5.884350E+04,5.440203E-01,0.000000E+00,0.000000E+00,1.281622E+00,1.455269E+04,5.440203E-01,0.000000E+00,0.000000E+00,1.245177E+00,1.338813E+04,5.440203E-01,0.000000E+00,0.000000E+00,1.986951E+00,4.272733E+04,5.440203E-01,0.000000E+00,0.000000E+00,2.112992E+00,4.947191E+04,5.440203E-01,0.000000E+00,0.000000E+00,9.924890E-01,7.406032E+03,5.440203E-01,0.000000E+00,0.000000E+00,1.016550E+00,7.994170E+03,5.440203E-01,0.000000E+00,0.000000E+00,1.205697E+00,1.311629E+04,5.440203E-01,0.000000E+00,0.000000E+00,1.224423E+00,1.368912E+04,5.440203E-01,0.000000E+00,0.000000E+00,1.079156E+00,9.570905E+03,5.440203E-01,0.000000E+00,0.000000E+00,1.097735E+00,1.006661E+04,5.440203E-01,0.000000E+00,0.000000E+00,1.142359E+00,1.127935E+04,5.440203E-01,0.000000E+00,0.000000E+00,1.161052E+00,1.181393E+04,5.440203E-01,0.000000E+00,0.000000E+00
16:00:00,2.104700E+00,4.948926E+04,5.440203E-01,0.000000E+00,0.000000E+00,2.264039E+00,5.869600E+04,5.440203E-01,0.000000E+00,0.000000E+00,1.277372E+00,1.450443E+04,5.440203E-01,0.000000E+00,0.000000E+00,1.240964E+00,1.334283E+04,5.440203E-01,0.000000E+00,0.000000E+00,1.981395E+00,4.260786E+04,5.440203E-01,0.000000E+00,0.000000E+00,2.107373E+00,4.934036E+04,5.440203E-01,0.000000E+00,0.000000E+00,9.907445E-01,7.518455E+03,5.440203E-01,0.000000E+00,0.000000E+00,1.014772E+00,8.108671E+03,5.440203E-01,0.000000E+00,0.000000E+00,1.203796E+00,1.324803E+04,5.440203E-01,0.000000E+00,0.000000E+00,1.222506E+00,1.382247E+04,5.440203E-01,0.000000E+00,0.000000E+00,1.077313E+00,9.690958E+03,5.440203E-01,0.000000E+00,0.000000E+00,1.095871E+00,1.018826E+04,5.440203E-01,0.000000E+00,0.000000E+00,1.140484E+00,1.140525E+04,5.440203E-01,0.000000E+00,0.000000E+00,1.159161E+00,1.194146E+04,5.440203E-01,0.000000E+00,0.000000E+00
16:30:00,2.099538E+00,4.936789E+04,5.440203E-01,0.000000E+00,0.000000E+00,2.258810E+00,5.856045E+04,5.440203E-01,0.000000E+00,0.000000E+00,1.273488E+00,1.446033E+04,5.440203E-01,0.000000E+00,0.000000E+00,1.237113E+00,1.330142E+04,5.440203E-01,0.000000E+00,0.000000E+00,1.976288E+00,4.249804E+04,5.440203E-01,0.000000E+00,0.000000E+00,2.102209E+00,4.921945E+04,5.440203E-01,0.000000E+00,0.000000E+00,9.898926E-01,7.679100E+03,5.440203E-01,0.000000E+00,0.000000E+00,1.013890E+00,8.272783E+03,5.440203E-01,0.000000E+00,0.000000E+00,1.202828E+00,1.344044E+04,5.440203E-01,0.000000E+00,0.000000E+00,1.221524E+00,1.401758E+04,5.440203E-01,0.000000E+00,0.000000E+00,1.076388E+00,9.864351E+03,5.440203E-01,0.000000E+00,0.000000E+00,1.094928E+00,1.036433E+04,5.440203E-01,0.000000E+00,0.000000E+00,1.139537E+00,1.158814E+04,5.440203E-01,0.000000E+00,0.000000E+00,1.158198E+00,1.212706E+04,5.440203E-01,0.000000E+00,0.000000E+00
17:00:00,2.094681E+00,4.925368E+04,5.440203E-01,0.000000E+00,0.000000E+00,2.253892E+00,5.843295E+04,5.440203E-01,0.000000E+00,0.000000E+00,1.269905E+00,1.441965E+04,5.440203E-01,0.000000E+00,0.000000E+00,1.233561E+00,1.326323E+04,5.440203E-01,0.000000E+00,0.000000E+00,1.971480E+00,4.239466E+04,5.440203E-01,0.000000E+00,0.000000E+00,2.097349E+00,4.910567E+04,5.440203E-01,0.000000E+00,0.000000E+00,9.898686E-01,7.846020E+03,5.440203E-01,0.000000E+00,0.000000E+00,1.013839E+00,8.443520E+03,5.440203E-01,0.000000E+00,0.000000E+00,1.202727E+00,1.364234E+04,5.440203E-01,0.000000E+00,0.000000E+00,1.221411E+00,1.422248E+04,5.440203E-01,0.000000E+00,0.000000E+00,1.076315E+00,1.004538E+04,5.440203E-01,0.000000E+00,0.000000E+00,1.094839E+00,1.054832E+04,5.440203E-01,0.000000E+00,0.000000E+00,1.139448E+00,1.177960E+04,5.440203E-01,0.000000E+00,0.000000E+00,1.158097E+00,1.232151E+04,5.440203E-01,0.000000E+00,0.000000E+00
17:30:00,1.539200E+00,3.619228E+04,5.440203E-01,0.000000E+00,0.000000E+00,1.679760E+00,4.354837E+04,5.440203E-01,0.000000E+00,0.000000E+00,8.952395E-01,1.016536E+04,5.440203E-01,0.000000E+00,0.000000E+00,8.658614E-01,9.309730E+03,5.440203E-01,0.000000E+00,0.000000E+00,1.431201E+00,3.077651E+04,5.440203E-01,0.000000E+00,0.000000E+00,1.541494E+00,3.609130E+04,5.440203E-01,0.000000E+00,0.000000E+00,6.731925E-01,5.477999E+03,5.440203E-01,0.000000E+00,0.000000E+00,6.873971E-01,5.869882E+03,5.440203E-01,0.000000E+00,0.000000E+00,8.295798E-01,9.584852E+03,5.440203E-01,0.000000E+00,0.000000E+00,8.447684E-01,1.001500E+04,5.440203E-01,0.000000E+00,0.000000E+00,7.302420E-01,6.969537E+03,5.440203E-01,0.000000E+00,0.000000E+00,7.442539E-01,7.327630E+03,5.440203E-01,0.000000E+00,0.000000E+00,7.789702E-01,8.217361E+03,5.440203E-01,0.000000E+00,0.000000E+00,7.937336E-01,8.612377E+03,5.440203E-01,0.000000E+00,0.000000E+00
18:00:00,1.120747E+00,2.635289E+04,5.440203E-01,0.000000E+00,0.000000E+00,1.276488E+00,3.309339E+04,5.440203E-01,0.000000E+00,0.000000E+00,6.097977E-01,6.924194E+03,5.440203E-01,0.000000E+00,0.000000E+00,5.958006E-01,6.406040E+03,5.440203E-01,0.000000E+00,0.000000E+00,1.037321E+00,2.230653E+04,5.440203E-01,0.000000E+00,0.000000E+00,1.122108E+00,2.627215E+04,5.440203E-01,0.000000E+00,0.000000E+00,5.440203E-01,4.541680E+03,5.440203E-01,0.000000E+00,0.000000E+00,5.440203E-01,4.760345E+03,5.440203E-01,0.000000E+00,0.000000E+00,5.737485E-01,6.750085E+03,5.440203E-01,0.000000E+00,0.000000E+00,5.793985E-01,6.991221E+03,5.440203E-01,0.000000E+00,0.000000E+00,5.441716E-01,5.308485E+03,5.440203E-01,0.000000E+00,0.000000E+00,5.470590E-01,5.501567E+03,5.440203E-01,0.000000E+00,0.000000E+00,5.555491E-01,5.977722E+03,5.440203E-01,0.000000E+00,0.000000E+00,5.606828E-01,6.201984E+03,5.440203E-01,0.000000E+00,0.000000E+00
18:30:00,1.251681E+00,2.943164E+04,5.440203E-01,0.000000E+00,0.000000E+00,1.427081E+00,3.699758E+04,5.440203E-01,0.000000E+00,0.000000E+00,6.880089E-01,7.812274E+03,5.440203E-01,0.000000E+00,0.000000E+00,6.636846E-01,7.135928E+03,5.440203E-01,0.000000E+00,0.000000E+00,1.164038E+00,2.503145E+04,5.440203E-01,0.000000E+00,0.000000E+00,1.253070E+00,2.933838E+04,5.440203E-01,0.000000E+00,0.000000E+00,5.516815E-01,4.780263E+03,5.440203E-01,0.000000E+00,0.000000E+00,5.577971E-01,5.057456E+03,5.440203E-01,0.000000E+00,0.000000E+00,6.335226E-01,7.653849E+03,5.440203E-01,0.000000E+00,0.000000E+00,6.435809E-01,7.969380E+03,5.440203E-01,0.000000E+00,0.000000E+00,5.783331E-01,5.824796E+03,5.440203E-01,0.000000E+00,0.000000E+00,5.843352E-01,6.061400E+03,5.440203E-01,0.000000E+00,0.000000E+00,6.020929E-01,6.669115E+03,5.440203E-01,0.000000E+00,0.000000E+00,6.107534E-01,6.949161E+03,5.440203E-01,0.000000E+00,0.000000E+00
19:00:00,1.349735E+00,3.173726E+04,5.440203E-01,0.000000E+00,0.000000E+00,1.480581E+00,3.838459E+04,5.440203E-01,0.000000E+00,0.000000E+00,7.631964E-01,8.666021E+03,5.440203E-01,0.000000E+00,0.000000E+00,7.352956E-01,7.905889E+03,5.440203E-01,0.000000E+00,0.000000E+00,1.249315E+00,2.686523E+04,5.440203E-01,0.000000E+00,0.000000E+00,1.351832E+00,3.165073E+04,5.440203E-01,0.000000E+00,0.000000E+00,5.796796E-01,5.206349E+03,5.440203E-01,0.000000E+00,0.000000E+00,5.891224E-01,5.527954E+03,5.440203E-01,0.000000E+00,0.000000E+00,7.053126E-01,8.744427E+03,5.440203E-01,0.000000E+00,0.000000E+00,7.199369E-01,9.142768E+03,5.440203E-01,0.000000E+00,0.000000E+00,6.199727E-01,6.440417E+03,5.440203E-01,0.000000E+00,0.000000E+00,6.298919E-01,6.733346E+03,5.440203E-01,0.000000E+00,0.000000E+00,6.583617E-01,7.500772E+03,5.440203E-01,0.000000E+00,0.000000E+00,6.728198E-01,7.868321E+03,5.440203E-01,0.000000E+00,0.000000E+00
19:30:00,1.398000E+00,3.287214E+04,5.440203E-01,0.000000E+00,0.000000E+00,1.529546E+00,3.965401E+04,5.440203E-01,0.000000E+00,0.000000E+00,7.816914E-01,8.876029E+03,5.440203E-01,0.000000E+00,0.000000E+00,7.533972E-01,8.100517E+03,5.440203E-01,0.000000E+00,0.000000E+00,1.296327E+00,2.787619E+04,5.440203E-01,0.000000E+00,0.000000E+00,1.400154E+00,3.278210E+04,5.440203E-01,0.000000E+00,0.000000E+00,5.915321E-01,5.450110E+03,5.440203E-01,0.000000E+00,0.000000E+00,6.029835E-01,5.797982E+03,5.440203E-01,0.000000E+00,0.000000E+00,7.306811E-01,9.228552E+03,5.440203E-01,0.000000E+00,0.000000E+00,7.455290E-01,9.640827E+03,5.440203E-01,0.000000E+00,0.000000E+00,6.365690E-01,6.760586E+03,5.440203E-01,0.000000E+00,0.000000E+00,6.482076E-01,7.079599E+03,5.440203E-01,0.000000E+00,0.000000E+00,6.830566E-01,7.940676E+03,5.440203E-01,0.000000E+00,0.000000E+00,6.977474E-01,8.321801E+03,5.440203E-01,0.000000E+00,0.000000E+00
20:00:00,1.422707E+00,3.345310E+04,5.440203E-01,0.000000E+00,0.000000E+00,1.555149E+00,4.031778E+04,5.440203E-01,0.000000E+00,0.000000E+00,7.987134E-01,9.069312E+03,5.440203E-01,0.000000E+00,0.000000E+00,7.702235E-01,8.281433E+03,5.440203E-01,0.000000E+00,0.000000E+00,1.320632E+00,2.839883E+04,5.440203E-01,0.000000E+00,0.000000E+00,1.424890E+00,3.336123E+04,5.440203E-01,0.000000E+00,0.000000E+00,6.030191E-01,5.695920E+03,5.440203E-01,0.000000E+00,0.000000E+00,6.158278E-01,6.064435E+03,5.440203E-01,0.000000E+00,0.000000E+00,7.538019E-01,9.695543E+03,5.440203E-01,0.000000E+00,0.000000E+00,7.687290E-01,1.011928E+04,5.440203E-01,0.000000E+00,0.000000E+00,6.534955E-01,7.092042E+03,5.440203E-01,0.000000E+00,0.000000E+00,6.682234E-01,7.453317E+03,5.440203E-01,0.000000E+00,0.000000E+00,7.034887E-01,8.341498E+03,5.440203E-01,0.000000E+00,0.000000E+00,7.183292E-01,8.734013E+03,5.440203E-01,0.000000E+00,0.000000E+00
20:30:00,1.442164E+00,3.391059E+04,5.440203E-01,0.000000E+00,0.000000E+00,1.575017E+00,4.083287E+04,5.440203E-01,0.000000E+00,0.000000E+00,8.113420E-01,9.212709E+03,5.440203E-01,0.000000E+00,0.000000E+00,7.826093E-01,8.414605E+03,5.440203E-01,0.000000E+00,0.000000E+00,1.339681E+00,2.880847E+04,5.440203E-01,0.000000E+00,0.000000E+00,1.444373E+00,3.381739E+04,5.440203E-01,0.000000E+00,0.000000E+00,6.139717E-01,5.915979E+03,5.440203E-01,0.000000E+00,0.000000E+00,6.274679E-01,6.298229E+03,5.440203E-01,0.000000E+00,0.000000E+00,7.716498E-01,1.007166E+04,5.440203E-01,0.000000E+00,0.000000E+00,7.866885E-01,1.050510E+04,5.440203E-01,0.000000E+00,0.000000E+00,6.706175E-01,7.405221E+03,5.440203E-01,0.000000E+00,0.000000E+00,6.854629E-01,7.775788E+03,5.440203E-01,0.000000E+00,0.000000E+00,7.209980E-01,8.686043E+03,5.440203E-01,0.000000E+00,0.000000E+00,7.359513E-01,9.088047E+03,5.440203E-01,0.000000E+00,0.000000E+00
21:00:00,1.458577E+00,3.429652E+04,5.440203E-01,0.000000E+00,0.000000E+00,1.591831E+00,4.126877E+04,5.440203E-01,0.000000E+00,0.000000E+00,8.222120E-01,9.336137E+03,5.440203E-01,0.000000E+00,0.000000E+00,7.932815E-01,8.529352E+03,5.440203E-01,0.000000E+00,0.000000E+00,1.355767E+00,2.915438E+04,5.440203E-01,0.000000E+00,0.000000E+00,1.460806E+00,3.420215E+04,5.440203E-01,0.000000E+00,0.000000E+00,6.239905E-01,6.131023E+03,5.440203E-01,0.000000E+00,0.000000E+00,6.375648E-01,6.520663E+03,5.440203E-01,0.000000E+00,0.000000E+00,7.871759E-01,1.042380E+04,5.440203E-01,0.000000E+00,0.000000E+00,8.023028E-01,1.086597E+04,5.440203E-01,0.000000E+00,0.000000E+00,6.855196E-01,7.699968E+03,5.440203E-01,0.000000E+00,0.000000E+00,7.004572E-01,8.078910E+03,5.440203E-01,0.000000E+00,0.000000E+00,7.362061E-01,9.009077E+03,5.440203E-01,0.000000E+00,0.000000E+00,7.512554E-01,9.419711E+03,5.440203E-01,0.000000E+00,0.000000E+00
21:30:00,1.472742E+00,3.462960E+04,5.440203E-01,0.000000E+00,0.000000E+00,1.606328E+00,4.164463E+04,5.440203E-01,0.000000E+00,0.000000E+00,8.316767E-01,9.443608E+03,5.440203E-01,0.000000E+00,0.000000E+00,8.025843E-01,8.629376E+03,5.440203E-01,0.000000E+00,0.000000E+00,1.369660E+00,2.945312E+04,5.440203E-01,0.000000E+00,0.000000E+00,1.474987E+00,3.453418E+04,5.440203E-01,0.000000E+00,0.000000E+00,6.331412E-01,6.341179E+03,5.440203E-01,0.000000E+00,0.000000E+00,6.482660E-01,6.753226E+03,5.440203E-01,0.000000E+00,0.000000E+00,8.012542E-01,1.076240E+04,5.440203E-01,0.000000E+00,0.000000E+00,8.164550E-01,1.121271E+04,5.440203E-01,0.000000E+00,0.000000E+00,6.990934E-01,7.985204E+03,5.440203E-01,0.000000E+00,0.000000E+00,7.141096E-01,8.371997E+03,5.440203E-01,0.000000E+00,0.000000E+00,7.500404E-01,9.320817E+03,5.440203E-01,0.000000E+00,0.000000E+00,7.651679E-01,9.739473E+03,5.440203E-01,0.000000E+00,0.000000E+00
22:00:00,1.485134E+00,3.492099E+04,5.440203E-01,0.000000E+00,0.000000E+00,1.618996E+00,4.197303E+04,5.440203E-01,0.000000E+00,0.000000E+00,8.400442E-01,9.538620E+03,5.440203E-01,0.000000E+00,0.000000E+00,8.108168E-01,8.717891E+03,5.440203E-01,0.000000E+00,0.000000E+00,1.381823E+00,2.971468E+04,5.440203E-01,0.000000E+00,0.000000E+00,1.487393E+00,3.482463E+04,5.440203E-01,0.000000E+00,0.000000E+00,6.416497E-01,6.548255E+03,5.440203E-01,0.000000E+00,0.000000E+00,6.604703E-01,7.005799E+03,5.440203E-01,0.000000E+00,0.000000E+00,8.142412E-01,1.109148E+04,5.440203E-01,0.000000E+00,0.000000E+00,8.295052E-01,1.154947E+04,5.440203E-01,0.000000E+00,0.000000E+00,7.116459E-01,8.263735E+03,5.440203E-01,0.000000E+00,0.000000E+00,7.267287E-01,8.657958E+03,5.440203E-01,0.000000E+00,0.000000E+00,7.628145E-01,9.624434E+03,5.440203E-01,0.000000E+00,0.000000E+00,7.780079E-01,1.005067E+04,5.440203E-01,0.000000E+00,0.000000E+00
22:30:00,1.496063E+00,3.517795E+04,5.440203E-01,0.000000E+00,0.000000E+00,1.630155E+00,4.226234E+04,5.440203E-01,0.000000E+00,0.000000E+00,8.474940E-01,9.623211E+03,5.440203E-01,0.000000E+00,0.000000E+00,8.181528E-01,8.796768E+03,5.440203E-01,0.000000E+00,0.000000E+00,1.392561E+00,2.994559E+04,5.440203E-01,0.000000E+00,0.000000E+00,1.498332E+00,3.508076E+04,5.440203E-01,0.000000E+00,0.000000E+00,6.515811E-01,6.745857E+03,5.440203E-01,0.000000E+00,0.000000E+00,6.715407E-01,7.222421E+03,5.440203E-01,0.000000E+00,0.000000E+00,8.258733E-01,1.137193E+04,5.440203E-01,0.000000E+00,0.000000E+00,8.411913E-01,1.183643E+04,5.440203E-01,0.000000E+00,0.000000E+00,7.229088E-01,8.501306E+03,5.440203E-01,0.000000E+00,0.000000E+00,7.380492E-01,8.901846E+03,5.440203E-01,0.000000E+00,0.000000E+00,7.742656E-01,9.883282E+03,5.440203E-01,0.000000E+00,0.000000E+00,7.895155E-01,1.031595E+04,5.440203E-01,0.000000E+00,0.000000E+00
23:00:00,1.505720E+00,3.540504E+04,5.440203E-01,0.000000E+00,0.000000E+00,1.640008E+00,4.251778E+04,5.440203E-01,0.000000E+00,0.000000E+00,8.541658E-01,9.698969E+03,5.440203E-01,0.000000E+00,0.000000E+00,8.247278E-01,8.867463E+03,5.440203E-01,0.000000E+00,0.000000E+00,1.402058E+00,3.014981E+04,5.440203E-01,0.000000E+00,0.000000E+00,1.507999E+00,3.530710E+04,5.440203E-01,0.000000E+00,0.000000E+00,6.614409E-01,6.945640E+03,5.440203E-01,0.000000E+00,0.000000E+00,6.814713E-01,7.429888E+03,5.440203E-01,0.000000E+00,0.000000E+00,8.362823E-01,1.163878E+04,5.440203E-01,0.000000E+00,0.000000E+00,8.516474E-01,1.210936E+04,5.440203E-01,0.000000E+00,0.000000E+00,7.330026E-01,8.728283E+03,5.440203E-01,0.000000E+00,0.000000E+00,7.481934E-01,9.134717E+03,5.440203E-01,0.000000E+00,0.000000E+00,7.845200E-01,1.013006E+04,5.440203E-01,0.000000E+00,0.000000E+00,7.998192E-01,1.056872E+04,5.440203E-01,0.000000E+00,0.000000E+00
23:30:00,1.514333E+00,3.560756E+04,5.440203E-01,0.000000E+00,0.000000E+00,1.648788E+00,4.274540E+04,5.440203E-01,0.000000E+00,0.000000E+00,8.601762E-01,9.767216E+03,5.440203E-01,0.000000E+00,0.000000E+00,8.306550E-01,8.931192E+03,5.440203E-01,0.000000E+00,0.000000E+00,1.410533E+00,3.033205E+04,5.440203E-01,0.000000E+00,0.000000E+00,1.516620E+00,3.550893E+04,5.440203E-01,0.000000E+00,0.000000E+00,6.707239E-01,7.142194E+03,5.440203E-01,0.000000E+00,0.000000E+00,6.908180E-01,7.633836E+03,5.440203E-01,0.000000E+00,0.000000E+00,8.460482E-01,1.189967E+04,5.440203E-01,0.000000E+00,0.000000E+00,8.614559E-01,1.237607E+04,5.440203E-01,0.000000E+00,0.000000E+00,7.424915E-01,8.950949E+03,5.440203E-01,0.000000E+00,0.000000E+00,7.577279E-01,9.363051E+03,5.440203E-01,0.000000E+00,0.000000E+00,7.941499E-01,1.037171E+04,5.440203E-01,0.000000E+00,0.000000E+00,8.094936E-01,1.081613E+04,5.440203E-01,0.000000E+00,0.000000E+00
24:00:00,1.522126E+00,3.579080E+04,5.440203E-01,0.000000E+00,0.000000E+00,1.656725E+00,4.295118E+04,5.440203E-01,0.000000E+00,0.000000E+00,8.655861E-01,9.828646E+03,5.440203E-01,0.000000E+00,0.000000E+00,8.359932E-01,8.988588E+03,5.440203E-01,0.000000E+00,0.000000E+00,1.418207E+00,3.049708E+04,5.440203E-01,0.000000E+00,0.000000E+00,1.524420E+00,3.569155E+04,5.440203E-01,0.000000E+00,0.000000E+00,6.795280E-01,7.336321E+03,5.440203E-01,0.000000E+00,0.000000E+00,6.996805E-01,7.835123E+03,5.440203E-01,0.000000E+00,0.000000E+00,8.552817E-01,1.215588E+04,5.440203E-01,0.000000E+00,0.000000E+00,8.707284E-01,1.263791E+04,5.440203E-01,0.000000E+00,0.000000E+00,7.514790E-01,9.170300E+03,5.440203E-01,0.000000E+00,0.000000E+00,7.667573E-01,9.587886E+03,5.440203E-01,0.000000E+00,0.000000E+00,8.032627E-01,1.060938E+04,5.440203E-01,0.000000E+00,0.000000E+00,8.186469E-01,1.105936E+04,5.440203E-01,0.000000E+00,0.000000E+00
Coinc Peak   ,2.658762E+00,5.440203E-01,6.892934E+04,0.000000E+00
NonCoinc Peak,2.658762E+00,5.440203E-01,6.892934E+04,0.000000E+00
